{"id":1,"nome":"Carminda Pestana","status":"Ativo","cidade":"Santa Maria","vendas":23,"data":" 2020-08-11"}
{"id":2,"nome":"Deolinda Vilela","status":"Ativo","cidade":"Novo Hamburgo","vendas":34,"data":"2020-03-05"}
{"id":3,"nome":"Emídio Dornelles","status":"Ativo","cidade":"Porto Alegre","vendas":34,"data":"2020-02-05"}
{"id":4,"nome":"Felisbela Dornelles","status":"Ativo","cidade":"Porto Alegre","vendas":36,"data":"2020-02-05"}
{"id":5,"nome":"Graça Ornellas","status":"Ativo","cidade":"Porto Alegre","vendas":12,"data":"2020-02-05"}
{"id":6,"nome":"Matilde Rebouças","status":"Ativo","cidade":"Porto Alegre","vendas":22,"data":"2019-01-05"}
{"id":7,"nome":"Noêmia   Orriça","status":"Ativo","cidade":"Santa Maria","vendas":45,"data":"2019-10-05"}
{"id":8,"nome":"Roque Vásquez","status":"Ativo","cidade":"Porto Alegre","vendas":65,"data":"2020-03-05"}
{"id":9,"nome":"Uriel Queiroz","status":"Ativo","cidade":"Porto Alegre","vendas":54,"data":"2018-05-05"}
{"id":10,"nome":"Viviana Sequeira","status":"Ativo","cidade":"Porto Alegre","vendas":0,"data":"2020-09-05"}
